{
  "global": {
    "id": "powerhouse/scopeofwork",
    "name": "ScopeOfWork",
    "extension": ".phdm",
    "description": "The Scope of Work v2 model defines a structured plan for executing contributor work; on top of deliverables and roadmaps with milestones it now also includes projects as budget anchors for project based budgeting. ",
    "author": {
      "name": "Powerhouse",
      "website": "https://powerhouse.inc"
    },
    "specifications": [
      {
        "version": 1,
        "changeLog": [],
        "state": {
          "global": {
            "schema": "type ScopeOfWorkState {\n  title: String!\n  description: String!\n  status: ScopeOfWorkStatus!\n  deliverables: [Deliverable!]!\n  projects: [Project!]!\n  roadmaps: [Roadmap!]!\n  contributors: [Agent!]!\n}\n\nenum ScopeOfWorkStatus {\n  DRAFT\n  SUBMITTED\n  IN_PROGRESS\n  REJECTED\n  APPROVED\n  DELIVERED\n  CANCELED\n}\n\ntype Agent {\n  id: ID!\n  agentType: AgentType!\n  name: String!\n  code: String\n}\n\nenum AgentType {\n  HUMAN\n  GROUP\n  AI\n}\n\ntype Deliverable {\n  id: OID!\n  owner: ID\n  title: String!\n  code: String!\n  description: String!\n  status: DeliverableStatus!\n  workProgress: Progress\n  keyResults: [KeyResult!]!\n  budgetAnchor: BudgetAnchorProject\n}\n\ntype BudgetAnchorProject {\n  project: OID\n  unit: Unit\n  unitCost: Float!\n  quantity: Float!\n  margin: Float!\n}\n\nenum Unit {\n  StoryPoints\n  Hours\n}\n\nenum DeliverableStatus {\n  WONT_DO\n  DRAFT\n  TODO\n  BLOCKED\n  IN_PROGRESS\n  DELIVERED\n  CANCELED\n}\n\nunion Progress = StoryPoint | Percentage | Binary\n\ntype Percentage {\n  value: Float!\n}\n\ntype Binary {\n  done: Boolean\n}\n\ntype StoryPoint {\n  total: Int!\n  completed: Int!\n}\n\ntype KeyResult {\n  id: OID!\n  title: String!\n  link: String!\n}\n\ntype Project {\n  id: OID!\n  code: String!\n  title: String!\n  projectOwner: ID\n  abstract: String\n  imageUrl: URL\n  scope: DeliverablesSet\n  budgetType: BudgetType\n  currency: PMCurrency\n  budget: Float\n  expenditure: BudgetExpenditure\n}\n\nenum PMCurrency {\n  DAI\n  USDS\n  EUR\n  USD\n}\n\nenum BudgetType {\n  CONTINGENCY\n  OPEX\n  CAPEX\n  OVERHEAD\n}\n\ntype BudgetExpenditure {\n  percentage: Float!\n  actuals: Float!\n  cap: Float!\n}\n\ntype Roadmap {\n  id: OID!\n  slug: String!\n  title: String!\n  description: String!\n  milestones: [Milestone!]!\n}\n\ntype Milestone {\n  id: OID!\n  sequenceCode: String!\n  title: String!\n  description: String!\n  deliveryTarget: String!\n  scope: DeliverablesSet\n  coordinators: [ID!]!\n  budget: Float\n}\n\ntype DeliverablesSet {\n  deliverables: [OID!]!\n  status: DeliverableSetStatus!\n  progress: Progress!\n  deliverablesCompleted: DeliverablesCompleted!\n}\n\ntype DeliverablesCompleted {\n  total: Int!\n  completed: Int!\n}\n\nenum DeliverableSetStatus {\n  DRAFT\n  TODO\n  IN_PROGRESS\n  FINISHED\n  CANCELED\n}",
            "initialValue": "{\n  \"title\": \"\",\n  \"description\": \"\",\n  \"status\": \"DRAFT\",\n  \"deliverables\": [],\n  \"projects\": [],\n  \"roadmaps\": [],\n  \"contributors\": []\n}",
            "examples": []
          },
          "local": {
            "schema": "",
            "initialValue": "",
            "examples": []
          }
        },
        "modules": [
          {
            "id": "70ad1129-4aa4-4e2a-842e-e85eeaa2ec4c",
            "name": "scope_of_work",
            "description": "",
            "operations": [
              {
                "id": "8a9f1559-3aba-48e3-97fd-ceafbcc28b06",
                "name": "EDIT_SCOPE_OF_WORK",
                "description": "This operation allows a user to edit the basic details of a Scope of Work (SoW) document. ",
                "schema": "input EditScopeOfWorkInput {\n    title: String\n    description: String\n\tstatus: ScopeOfWorkStatusInput #defaults to DRAFT\n}\n\nenum ScopeOfWorkStatusInput {\n  DRAFT\n  SUBMITTED\n  IN_PROGRESS\n  REJECTED\n  APPROVED\n  DELIVERED\n  CANCELED\n}",
                "template": "",
                "reducer": "",
                "errors": [
                  {
                    "id": "2288fd6a-3a01-46e9-88ba-63d9e265c9a1",
                    "name": "InvalidStatusTransition",
                    "code": "",
                    "description": "",
                    "template": ""
                  },
                  {
                    "id": "c678f4c1-22a5-46e6-93c7-65fde23dbfa1",
                    "name": "MissingRequiredFields",
                    "code": "",
                    "description": "",
                    "template": ""
                  },
                  {
                    "id": "be7c7aea-55d9-4c83-98e0-250e00d3b25d",
                    "name": "UnauthorizedEdit",
                    "code": "",
                    "description": "",
                    "template": ""
                  }
                ],
                "examples": [],
                "scope": "global"
              }
            ]
          },
          {
            "id": "6e592f85-6188-4111-887b-fa689c651b37",
            "name": "deliverables",
            "description": "",
            "operations": [
              {
                "id": "9a986a3a-a546-494e-b008-d31cdf125383",
                "name": "ADD_DELIVERABLE",
                "description": "This operation is used to create a new deliverable. ",
                "schema": "input AddDeliverableInput {\n  id: OID!\n  owner: ID\n  title: String\n  code: String\n  description: String\n  status: PMDeliverableStatusInput\n}\n\nenum PMDeliverableStatusInput {\n  WONT_DO\n  DRAFT\n  TODO\n  BLOCKED\n  IN_PROGRESS\n  DELIVERED\n  CANCELED\n}",
                "template": "",
                "reducer": "",
                "errors": [],
                "examples": [],
                "scope": "global"
              },
              {
                "id": "0567776c-2778-43a5-86b8-0035a3b80702",
                "name": "REMOVE_DELIVERABLE",
                "description": "",
                "schema": "input RemoveDeliverableInput {\n  id: OID!\n}",
                "template": "",
                "reducer": "",
                "errors": [],
                "examples": [],
                "scope": "global"
              },
              {
                "id": "e031053f-f1c8-40b5-93fb-47d68161ecca",
                "name": "EDIT_DELIVERABLE",
                "description": "This operation allows a user to edit the core attributes of a deliverable, a concrete piece of work within a project or a milestone. Deliverables are the building blocks of execution, typically assigned to contributors or teams.",
                "schema": "input EditDeliverableInput {\n  id: OID!\n  owner: ID\n  title: String\n  code: String\n  description: String\n  status: PMDeliverableStatusInput\n}\n\n",
                "template": "",
                "reducer": "",
                "errors": [
                  {
                    "id": "39018599-f76c-4a20-8b5b-f14fc174cabc",
                    "name": "DeliverableNotFound",
                    "code": "",
                    "description": "",
                    "template": ""
                  },
                  {
                    "id": "6ddcde0e-f7dd-4ce6-ae8b-09b485053013",
                    "name": "InvalidStatusTransition",
                    "code": "",
                    "description": "",
                    "template": ""
                  },
                  {
                    "id": "b71cc9ac-4f8e-4717-9bed-7343e8b72472",
                    "name": "MissingRequiredFields",
                    "code": "",
                    "description": "",
                    "template": ""
                  },
                  {
                    "id": "e2de6790-8eba-49e2-9ee1-5616690a8f90",
                    "name": "InvalidCodeFormat",
                    "code": "",
                    "description": "",
                    "template": ""
                  },
                  {
                    "id": "ac306312-5a25-4f0f-847f-67afb2cd6657",
                    "name": "OwnerIdNotRecognized",
                    "code": "",
                    "description": "",
                    "template": ""
                  }
                ],
                "examples": [],
                "scope": "global"
              },
              {
                "id": "505fb5d9-1698-428c-935c-a0e64cf48a01",
                "name": "SET_DELIVERABLE_PROGRESS",
                "description": "",
                "schema": "input SetDeliverableProgressInput {\n  id: OID! #deliverable id\n  workProgress: ProgressInput\n}\n\ninput ProgressInput {\n  # Only one of these fields should be provided\n  percentage: Float\n  storyPoints: StoryPointInput\n  done: Boolean\n}\n\ninput StoryPointInput {\n  total: Int!\n  completed: Int!\n}\n",
                "template": "",
                "reducer": "",
                "errors": [],
                "examples": [],
                "scope": "global"
              },
              {
                "id": "166929bc-1416-4bbb-812d-5fe09fb81884",
                "name": "ADD_KEY_RESULT",
                "description": "This operation allows a user to add a key result to a specific deliverable. Key results are measurable outcomes or indicators that help track progress on a deliverable. ",
                "schema": "input AddKeyResultInput {\n  id: OID!\n  deliverableId:OID!\n  title: String!\n  link: String\n}",
                "template": "",
                "reducer": "",
                "errors": [
                  {
                    "id": "693a6eb0-6a5a-445e-9387-b80a08b83992",
                    "name": "DeliverableNotFound",
                    "code": "",
                    "description": "",
                    "template": ""
                  },
                  {
                    "id": "513a0e59-711a-44a7-bdcb-067b753464e8",
                    "name": "MissingRequiredFields",
                    "code": "",
                    "description": "",
                    "template": ""
                  },
                  {
                    "id": "14bf5db1-2a23-4879-8e7b-b9fdb50dde94",
                    "name": "InvalidLinkFormat",
                    "code": "",
                    "description": "",
                    "template": ""
                  }
                ],
                "examples": [],
                "scope": "global"
              },
              {
                "id": "7a692317-2ad3-4392-8935-74a9d2650874",
                "name": "REMOVE_KEY_RESULT",
                "description": "",
                "schema": "input RemoveKeyResultInput {\n  id: OID!\n  deliverableId:OID!\n}",
                "template": "",
                "reducer": "",
                "errors": [],
                "examples": [],
                "scope": "global"
              },
              {
                "id": "af639826-2a15-419f-a1ef-ebfd6cd048eb",
                "name": "EDIT_KEY_RESULT",
                "description": "",
                "schema": "input EditKeyResultInput {\n  id: OID!\n  deliverableId: OID!\n  title: String\n  link: URL\n}",
                "template": "",
                "reducer": "",
                "errors": [],
                "examples": [],
                "scope": "global"
              },
              {
                "id": "306568c6-39d1-415b-b096-670ed99eaa04",
                "name": "SET_DELIVERABLE_BUDGET_ANCHOR_PROJECT",
                "description": "",
                "schema": "input SetDeliverableBudgetAnchorProjectInput {\n  deliverableId: ID!\n  project: OID\n  unit: Unit\n  unitCost: Float\n  quantity: Float\n  margin: Float\n}",
                "template": "",
                "reducer": "",
                "errors": [],
                "examples": [],
                "scope": "global"
              }
            ]
          },
          {
            "id": "f68517e0-68d4-4c88-9fdd-108ca55874e5",
            "name": "roadmaps",
            "description": "",
            "operations": [
              {
                "id": "4d510d30-a82d-48be-b643-c22c50b6f19e",
                "name": "ADD_ROADMAP",
                "description": "",
                "schema": "input AddRoadmapInput {\n  id: OID!\n  title: String!\n  slug: String\n  description: String\n}",
                "template": "",
                "reducer": "",
                "errors": [
                  {
                    "id": "fbe09a66-ad11-4f05-9522-44e2173b5998",
                    "name": "MissingRequiredId",
                    "code": "",
                    "description": "",
                    "template": ""
                  },
                  {
                    "id": "023322c9-a90f-4b3c-9b71-a43da50edd47",
                    "name": "DuplicateRoadmapId",
                    "code": "",
                    "description": "",
                    "template": ""
                  },
                  {
                    "id": "ddabc1b4-9fe7-4557-a063-789b2db4fb24",
                    "name": "InvalidSlugFormat",
                    "code": "",
                    "description": "",
                    "template": ""
                  }
                ],
                "examples": [],
                "scope": "global"
              },
              {
                "id": "ef0ac627-a852-4e08-8c75-53b23b34c298",
                "name": "REMOVE_ROADMAP",
                "description": "",
                "schema": "input RemoveRoadmapInput {\n  id: OID!\n}",
                "template": "",
                "reducer": "",
                "errors": [],
                "examples": [],
                "scope": "global"
              },
              {
                "id": "7b1863fe-fc12-4855-949c-869ce19c55e1",
                "name": "EDIT_ROADMAP",
                "description": "This operation allows a user to edit the details of a roadmap document, which outlines the structure ",
                "schema": "input EditRoadmapInput {\n  id: OID!\n  title: String \n  slug: String #computed title: \"The Logical Structure of  Atlas\"\n              # id: \"abcd1234\" #=> slug: \"the-logical-structure-of-atlas-abcd1234\"\n  description: String\n}",
                "template": "",
                "reducer": "",
                "errors": [],
                "examples": [],
                "scope": "global"
              }
            ]
          },
          {
            "id": "016b8c61-35c7-4962-908d-e47666a68721",
            "name": "milestones",
            "description": "",
            "operations": [
              {
                "id": "2aee07b8-4836-4468-a9ad-a2ff6075309c",
                "name": "ADD_MILESTONE",
                "description": "",
                "schema": "input AddMilestoneInput {\n  id: OID!\n  roadmapId:OID!\n  sequenceCode: String\n  title: String\n  description: String\n  deliveryTarget: String\n}",
                "template": "",
                "reducer": "",
                "errors": [],
                "examples": [],
                "scope": "global"
              },
              {
                "id": "b2662adc-bf97-486f-a012-6ddda9266768",
                "name": "REMOVE_MILESTONE",
                "description": "",
                "schema": "input RemoveMilestoneInput {\n  id: OID!\n  roadmapId:OID!\n}",
                "template": "",
                "reducer": "",
                "errors": [],
                "examples": [],
                "scope": "global"
              },
              {
                "id": "8d838a5d-8901-43db-8130-5adde9d0a025",
                "name": "EDIT_MILESTONE",
                "description": "",
                "schema": "input EditMilestoneInput {\n  id: OID!\n  roadmapId: OID!\n  sequenceCode: String\n  title: String\n  description: String\n  deliveryTarget: String\n}",
                "template": "",
                "reducer": "",
                "errors": [],
                "examples": [],
                "scope": "global"
              },
              {
                "id": "0db5f01b-33b5-486b-9e67-a95ebea85107",
                "name": "ADD_COORDINATOR",
                "description": "This operation allows a user to assign a contributor as a coordinator for a specific milestone. Coordinators are the people responsible for ensuring the milestone gets delivered; they’re often leads, facilitators, or project managers.\n\n",
                "schema": "input AddCoordinatorInput {\n  id: ID! \n  milestoneId: OID!\n}",
                "template": "",
                "reducer": "",
                "errors": [],
                "examples": [],
                "scope": "global"
              },
              {
                "id": "6472175b-feb2-4ec5-b28d-2f0b46ca6072",
                "name": "REMOVE_COORDINATOR",
                "description": "",
                "schema": "input RemoveCoordinatorInput {\n  id: ID! \n  milestoneId: OID! # Coordinator can potentially be coordinating multiple milestones/roadmaps. \n}",
                "template": "",
                "reducer": "",
                "errors": [],
                "examples": [],
                "scope": "global"
              },
              {
                "id": "afc100a7-836d-4396-98b5-c5a045fe626e",
                "name": "ADD_MILESTONE_DELIVERABLE",
                "description": "",
                "schema": "input AddMilestoneDeliverableInput {\n  milestoneId: OID!\n  deliverableId: OID!\n  title: String!\n}",
                "template": "",
                "reducer": "",
                "errors": [],
                "examples": [],
                "scope": "global"
              },
              {
                "id": "532a4d3d-389c-4d58-a933-4bbf5604b089",
                "name": "REMOVE_MILESTONE_DELIVERABLE",
                "description": "",
                "schema": "input RemoveMilestoneDeliverableInput {\n  milestoneId: OID!\n  deliverableId: OID!\n}",
                "template": "",
                "reducer": "",
                "errors": [],
                "examples": [],
                "scope": "global"
              }
            ]
          },
          {
            "id": "52a1e993-adf3-4a2c-acc1-41f0336203ee",
            "name": "deliverables_set",
            "description": "",
            "operations": [
              {
                "id": "68ba1e27-8979-4762-a779-f1f2ef86500e",
                "name": "EDIT_DELIVERABLES_SET",
                "description": "",
                "schema": "input EditDeliverablesSetInput {\n  milestoneId: ID\n  projectId: ID\n  status: DeliverableSetStatusInput\n  deliverablesCompleted: DeliverablesCompletedInput\n}\n\nenum DeliverableSetStatusInput {\n  DRAFT\n  TODO\n  IN_PROGRESS\n  FINISHED\n  CANCELED\n}\n\ninput DeliverablesCompletedInput {\n  total: Int!\n  completed: Int!\n}",
                "template": "",
                "reducer": "",
                "errors": [],
                "examples": [],
                "scope": "global"
              },
              {
                "id": "34a36572-1ad4-4c32-ad31-86988e93a31a",
                "name": "ADD_DELIVERABLE_IN_SET",
                "description": "",
                "schema": "input AddDeliverableInSetInput {\n  milestoneId: ID\n  projectId: ID\n  deliverableId: OID!\n}",
                "template": "",
                "reducer": "",
                "errors": [],
                "examples": [],
                "scope": "global"
              },
              {
                "id": "94e5b395-9798-48ae-921e-70983f17155d",
                "name": "REMOVE_DELIVERABLE_IN_SET",
                "description": "",
                "schema": "input RemoveDeliverableInSetInput {\n  milestoneId: ID\n  projectId: ID\n  deliverableId: OID!\n}",
                "template": "",
                "reducer": "",
                "errors": [],
                "examples": [],
                "scope": "global"
              }
            ]
          },
          {
            "id": "7f2db8cf-9fe9-4095-91f0-cfd61b43fc02",
            "name": "contributors",
            "description": "",
            "operations": [
              {
                "id": "1273f82b-b6db-4504-bc4b-49fbdb2a2c68",
                "name": "ADD_AGENT",
                "description": "",
                "schema": "input AddAgentInput {\n  id: ID!\n  name: String!\n  agentType: AgentTypeInput\n  code: String\n  imageUrl: String\n}\n\nenum AgentTypeInput {\n  HUMAN\n  GROUP\n  AI\n}",
                "template": "",
                "reducer": "",
                "errors": [],
                "examples": [],
                "scope": "global"
              },
              {
                "id": "eec0e5aa-b4c9-4e62-8f2e-4a36fbde6f96",
                "name": "REMOVE_AGENT",
                "description": "",
                "schema": "input RemoveAgentInput {\n  id: OID!\n}",
                "template": "",
                "reducer": "",
                "errors": [],
                "examples": [],
                "scope": "global"
              },
              {
                "id": "33534820-0c51-4f04-8ad2-bb378fb9c60e",
                "name": "EDIT_AGENT",
                "description": "",
                "schema": "input EditAgentInput {\n  id: ID!\n  name: String\n  agentType: AgentTypeInput\n  code: String\n  imageUrl: String\n}",
                "template": "",
                "reducer": "",
                "errors": [],
                "examples": [],
                "scope": "global"
              }
            ]
          },
          {
            "id": "0578e71b-6205-4c19-86ab-5c581cc71b93",
            "name": "projects",
            "description": "",
            "operations": [
              {
                "id": "773aebd7-98af-46f3-8f6a-161be1d2e176",
                "name": "ADD_PROJECT",
                "description": "Creates a new project in a DRAFT status, initializing its core fields. The status of the new project defaults to DRAFT. The Deliverables list (scope) is initialized as empty.",
                "schema": "input AddProjectInput {\n  id: OID!\n  code: String!\n  title: String!\n  projectOwner: ID # Initial project owner\n  abstract: String\n  imageUrl: URL\n  budgetType: PMBudgetTypeInput\n  currency: PMCurrencyInput\n  budget: Float\n}\n\nenum PMBudgetTypeInput {\n  CONTINGENCY\n  OPEX\n  CAPEX\n  OVERHEAD\n}\n\nenum PMCurrencyInput {\n  DAI\n  USDS\n  EUR\n  USD\n}\n\n",
                "template": "",
                "reducer": "",
                "errors": [
                  {
                    "id": "1c80ca1c-2fcf-4a29-abe4-5544528eb9cf",
                    "name": "ProjectIdAlreadyExists",
                    "code": "",
                    "description": "",
                    "template": ""
                  },
                  {
                    "id": "36dcb235-02d4-4b85-ae23-0e4d95c4dfba",
                    "name": "ProjectCodeAlreadyExists",
                    "code": "",
                    "description": "",
                    "template": ""
                  },
                  {
                    "id": "eedf8345-a78e-43ef-b098-714d1c1c670f",
                    "name": "InvalidOwnerId",
                    "code": "",
                    "description": "",
                    "template": ""
                  }
                ],
                "examples": [],
                "scope": "global"
              },
              {
                "id": "e978628b-ed5f-4867-83f4-45d5ed284f16",
                "name": "UPDATE_PROJECT",
                "description": "Updates general, non-status-related fields of an existing project. This operation is for minor content adjustments. Project must exist; only allowed if the project status is DRAFT or REJECTED. For projects in other statuses, specific operations for status transitions or scope management should be used.\n\nIf code is updated, it must remain unique.",
                "schema": "input UpdateProjectInput {\n  id: OID! \n  code: String \n  title: String \n  abstract: String \n  imageUrl: URL \n  budgetType:  PMBudgetTypeInput\n  currency:  PMCurrencyInput\n  budget: Float \n}",
                "template": "",
                "reducer": "",
                "errors": [
                  {
                    "id": "0c266ada-f61b-4818-b22a-ea4740523aa8",
                    "name": "ProjectNotFound",
                    "code": "",
                    "description": "",
                    "template": ""
                  },
                  {
                    "id": "49204d9d-4519-4862-ae2e-03220a49a146",
                    "name": "InvalidProjectStatusForUpdate",
                    "code": "",
                    "description": "",
                    "template": ""
                  },
                  {
                    "id": "da278562-2601-4efb-bf7c-500b55bf793d",
                    "name": "ProjectCodeAlreadyExists",
                    "code": "",
                    "description": "",
                    "template": ""
                  }
                ],
                "examples": [],
                "scope": "global"
              },
              {
                "id": "a6c4ce6a-fe2d-4242-bc8d-783ec3c7db9a",
                "name": "UPDATE_PROJECT_OWNER",
                "description": "Changes the primary owner of a project. This is a specific update due to its potential impact on permissions and responsibilities. Project must exist. The projectOwner must correspond to a valid existing Agent.\nOnly allowed if the project status is DRAFT, REJECTED, APPROVED, or IN_PROGRESS. Requires appropriate permissions (e.g., current owner, admin, or coordinator).",
                "schema": "input UpdateProjectOwnerInput {\n  id: OID! # The ID of the project\n  projectOwner: ID! # The ID of the new owner (Agent)\n}",
                "template": "",
                "reducer": "",
                "errors": [
                  {
                    "id": "9ec0382b-42cb-4a61-a62c-35a74e956204",
                    "name": "ProjectNotFound",
                    "code": "",
                    "description": "",
                    "template": ""
                  },
                  {
                    "id": "e9938099-4ea1-4176-841a-fa8f33926346",
                    "name": "InvalidAgentId",
                    "code": "",
                    "description": "",
                    "template": ""
                  },
                  {
                    "id": "6bb0fcfa-bc25-459a-82a6-3f5e696fba2a",
                    "name": "InvalidProjectStatusForOwnerUpdate",
                    "code": "",
                    "description": "",
                    "template": ""
                  },
                  {
                    "id": "e3a9968b-c871-43e2-855b-4aa21a2d04e2",
                    "name": "InsufficientPermissions",
                    "code": "",
                    "description": "",
                    "template": ""
                  }
                ],
                "examples": [],
                "scope": "global"
              },
              {
                "id": "3cbe7c0c-4198-4f56-9cb9-35bc3e2e5171",
                "name": "REMOVE_PROJECT",
                "description": "",
                "schema": "input RemoveProjectInput {\n  projectId: ID!\n}",
                "template": "",
                "reducer": "",
                "errors": [],
                "examples": [],
                "scope": "global"
              },
              {
                "id": "19624daf-39dc-4562-a248-ff1645d301bf",
                "name": "SET_PROJECT_MARGIN",
                "description": "",
                "schema": "input SetProjectMarginInput {\n  projectId: OID!\n  margin: Float!\n}",
                "template": "",
                "reducer": "",
                "errors": [],
                "examples": [],
                "scope": "global"
              },
              {
                "id": "1e97d233-5ac0-4167-97cf-e03e8ac186c1",
                "name": "SET_PROJECT_TOTAL_BUDGET",
                "description": "",
                "schema": "input SetProjectTotalBudgetInput {\n  projectId: OID!\n  totalBudget: Float!\n}",
                "template": "",
                "reducer": "",
                "errors": [],
                "examples": [],
                "scope": "global"
              },
              {
                "id": "abf9ff5b-8339-4a94-92b1-96d843ad5c96",
                "name": "ADD_PROJECT_DELIVERABLE",
                "description": "",
                "schema": "input AddProjectDeliverableInput {\n  projectId: OID!\n  deliverableId: ID!\n  title: String!\n}",
                "template": "",
                "reducer": "",
                "errors": [],
                "examples": [],
                "scope": "global"
              },
              {
                "id": "89341293-cdf9-4f88-b085-604a37444be7",
                "name": "REMOVE_PROJECT_DELIVERABLE",
                "description": "",
                "schema": "input RemoveProjectDeliverableInput {\n  projectId: OID!\n  deliverableId: OID!\n}",
                "template": "",
                "reducer": "",
                "errors": [],
                "examples": [],
                "scope": "global"
              }
            ]
          }
        ]
      }
    ]
  },
  "local": {}
}